repo_name,week,commit_sha,dependency,version,concreteVersion,dependency_type
tact-lang/tact-template,2024-W09,2a5216756b3f2bde75131bb43693952dfe67dd78,@tact-lang/compiler,^1.2.0,1.2.0,normal
tact-lang/tact-template,2024-W09,2a5216756b3f2bde75131bb43693952dfe67dd78,@tact-lang/coverage,^0.0.8,0.0.8,normal
tact-lang/tact-template,2024-W09,2a5216756b3f2bde75131bb43693952dfe67dd78,@tact-lang/deployer,^0.2.0,0.2.0,normal
tact-lang/tact-template,2024-W09,2a5216756b3f2bde75131bb43693952dfe67dd78,@tact-lang/emulator,^4.2.3,4.2.3,normal
tact-lang/tact-template,2024-W09,2a5216756b3f2bde75131bb43693952dfe67dd78,@ton/core,0.49.2,0.49.2,normal
tact-lang/tact-template,2024-W09,2a5216756b3f2bde75131bb43693952dfe67dd78,@ton/crypto,^3.2.0,3.2.0,normal
tact-lang/tact-template,2024-W09,2a5216756b3f2bde75131bb43693952dfe67dd78,@types/jest,^29.2.4,29.5.12,normal
tact-lang/tact-template,2024-W09,2a5216756b3f2bde75131bb43693952dfe67dd78,@types/node,^18.11.14,18.19.21,normal
tact-lang/tact-template,2024-W09,2a5216756b3f2bde75131bb43693952dfe67dd78,@types/qs,^6.9.7,6.9.12,normal
tact-lang/tact-template,2024-W09,2a5216756b3f2bde75131bb43693952dfe67dd78,base64url,^3.0.1,3.0.1,normal
tact-lang/tact-template,2024-W09,2a5216756b3f2bde75131bb43693952dfe67dd78,enquirer,^2.3.6,2.4.1,normal
tact-lang/tact-template,2024-W09,2a5216756b3f2bde75131bb43693952dfe67dd78,jest,^29.3.1,29.7.0,normal
tact-lang/tact-template,2024-W09,2a5216756b3f2bde75131bb43693952dfe67dd78,open,^8.4.0,8.4.2,normal
tact-lang/tact-template,2024-W09,2a5216756b3f2bde75131bb43693952dfe67dd78,prando,^6.0.1,6.0.1,normal
tact-lang/tact-template,2024-W09,2a5216756b3f2bde75131bb43693952dfe67dd78,prettier,^2.5.1,2.8.8,normal
tact-lang/tact-template,2024-W09,2a5216756b3f2bde75131bb43693952dfe67dd78,qs,^6.11.0,6.11.2,normal
tact-lang/tact-template,2024-W09,2a5216756b3f2bde75131bb43693952dfe67dd78,@tact-lang/ton-abi,^0.0.3,0.0.3,normal
tact-lang/tact-template,2024-W09,2a5216756b3f2bde75131bb43693952dfe67dd78,@tact-lang/ton-jest,^0.0.4,0.0.4,normal
tact-lang/tact-template,2024-W09,2a5216756b3f2bde75131bb43693952dfe67dd78,ts-jest,^29.0.3,29.1.2,normal
tact-lang/tact-template,2024-W09,2a5216756b3f2bde75131bb43693952dfe67dd78,ts-node,^10.9.1,10.9.2,normal
tact-lang/tact-template,2024-W09,2a5216756b3f2bde75131bb43693952dfe67dd78,typescript,^4.9.4,4.9.5,normal
tact-lang/tact-template,2024-W18,1cd1673fd5c02ec52e1d227fd1e170316cf94cf4,@tact-lang/compiler,~1.3.0,1.3.0,normal
tact-lang/tact-template,2024-W18,1cd1673fd5c02ec52e1d227fd1e170316cf94cf4,@tact-lang/coverage,^0.0.8,0.0.8,normal
tact-lang/tact-template,2024-W18,1cd1673fd5c02ec52e1d227fd1e170316cf94cf4,@tact-lang/deployer,^0.2.0,0.2.0,normal
tact-lang/tact-template,2024-W18,1cd1673fd5c02ec52e1d227fd1e170316cf94cf4,@tact-lang/emulator,^4.2.3,4.2.3,normal
tact-lang/tact-template,2024-W18,1cd1673fd5c02ec52e1d227fd1e170316cf94cf4,@tact-lang/ton-abi,^0.0.3,0.0.3,normal
tact-lang/tact-template,2024-W18,1cd1673fd5c02ec52e1d227fd1e170316cf94cf4,@tact-lang/ton-jest,^0.0.4,0.0.4,normal
tact-lang/tact-template,2024-W18,1cd1673fd5c02ec52e1d227fd1e170316cf94cf4,@ton/core,~0.56.3,0.56.3,normal
tact-lang/tact-template,2024-W18,1cd1673fd5c02ec52e1d227fd1e170316cf94cf4,@ton/crypto,^3.2.0,3.2.0,normal
tact-lang/tact-template,2024-W18,1cd1673fd5c02ec52e1d227fd1e170316cf94cf4,@ton/ton,^13.9.0,13.11.1,normal
tact-lang/tact-template,2024-W18,1cd1673fd5c02ec52e1d227fd1e170316cf94cf4,@types/jest,^29.2.4,29.5.12,normal
tact-lang/tact-template,2024-W18,1cd1673fd5c02ec52e1d227fd1e170316cf94cf4,@types/node,^18.11.14,18.19.31,normal
tact-lang/tact-template,2024-W18,1cd1673fd5c02ec52e1d227fd1e170316cf94cf4,@types/qs,^6.9.7,6.9.15,normal
tact-lang/tact-template,2024-W18,1cd1673fd5c02ec52e1d227fd1e170316cf94cf4,base64url,^3.0.1,3.0.1,normal
tact-lang/tact-template,2024-W18,1cd1673fd5c02ec52e1d227fd1e170316cf94cf4,enquirer,^2.3.6,2.4.1,normal
tact-lang/tact-template,2024-W18,1cd1673fd5c02ec52e1d227fd1e170316cf94cf4,jest,^29.3.1,29.7.0,normal
tact-lang/tact-template,2024-W18,1cd1673fd5c02ec52e1d227fd1e170316cf94cf4,open,^8.4.0,8.4.2,normal
tact-lang/tact-template,2024-W18,1cd1673fd5c02ec52e1d227fd1e170316cf94cf4,prando,^6.0.1,6.0.1,normal
tact-lang/tact-template,2024-W18,1cd1673fd5c02ec52e1d227fd1e170316cf94cf4,prettier,^2.5.1,2.8.8,normal
tact-lang/tact-template,2024-W18,1cd1673fd5c02ec52e1d227fd1e170316cf94cf4,qs,^6.11.0,6.12.1,normal
tact-lang/tact-template,2024-W18,1cd1673fd5c02ec52e1d227fd1e170316cf94cf4,ts-jest,^29.0.3,29.1.2,normal
tact-lang/tact-template,2024-W18,1cd1673fd5c02ec52e1d227fd1e170316cf94cf4,ts-node,^10.9.1,10.9.2,normal
tact-lang/tact-template,2024-W18,1cd1673fd5c02ec52e1d227fd1e170316cf94cf4,typescript,^4.9.4,4.9.5,normal
tact-lang/tact-template,2024-W25,6499879bf995b8a176a5c7a557f23d249d999605,@tact-lang/compiler,~1.4.0,1.4.0,normal
tact-lang/tact-template,2024-W25,6499879bf995b8a176a5c7a557f23d249d999605,@tact-lang/coverage,^0.0.8,0.0.8,normal
tact-lang/tact-template,2024-W25,6499879bf995b8a176a5c7a557f23d249d999605,@tact-lang/deployer,^0.2.0,0.2.0,normal
tact-lang/tact-template,2024-W25,6499879bf995b8a176a5c7a557f23d249d999605,@tact-lang/emulator,^4.2.3,4.3.0,normal
tact-lang/tact-template,2024-W25,6499879bf995b8a176a5c7a557f23d249d999605,@tact-lang/ton-abi,^0.0.3,0.0.3,normal
tact-lang/tact-template,2024-W25,6499879bf995b8a176a5c7a557f23d249d999605,@tact-lang/ton-jest,^0.0.4,0.0.4,normal
tact-lang/tact-template,2024-W25,6499879bf995b8a176a5c7a557f23d249d999605,@ton/core,~0.56.3,0.56.3,normal
tact-lang/tact-template,2024-W25,6499879bf995b8a176a5c7a557f23d249d999605,@ton/crypto,^3.2.0,3.2.0,normal
tact-lang/tact-template,2024-W25,6499879bf995b8a176a5c7a557f23d249d999605,@ton/ton,^13.9.0,13.11.2,normal
tact-lang/tact-template,2024-W25,6499879bf995b8a176a5c7a557f23d249d999605,@types/jest,^29.2.4,29.5.12,normal
tact-lang/tact-template,2024-W25,6499879bf995b8a176a5c7a557f23d249d999605,@types/node,^18.11.14,18.19.39,normal
tact-lang/tact-template,2024-W25,6499879bf995b8a176a5c7a557f23d249d999605,@types/qs,^6.9.7,6.9.15,normal
tact-lang/tact-template,2024-W25,6499879bf995b8a176a5c7a557f23d249d999605,base64url,^3.0.1,3.0.1,normal
tact-lang/tact-template,2024-W25,6499879bf995b8a176a5c7a557f23d249d999605,enquirer,^2.3.6,2.4.1,normal
tact-lang/tact-template,2024-W25,6499879bf995b8a176a5c7a557f23d249d999605,jest,^29.3.1,29.7.0,normal
tact-lang/tact-template,2024-W25,6499879bf995b8a176a5c7a557f23d249d999605,open,^8.4.0,8.4.2,normal
tact-lang/tact-template,2024-W25,6499879bf995b8a176a5c7a557f23d249d999605,prando,^6.0.1,6.0.1,normal
tact-lang/tact-template,2024-W25,6499879bf995b8a176a5c7a557f23d249d999605,prettier,^2.5.1,2.8.8,normal
tact-lang/tact-template,2024-W25,6499879bf995b8a176a5c7a557f23d249d999605,qs,^6.11.0,6.12.1,normal
tact-lang/tact-template,2024-W25,6499879bf995b8a176a5c7a557f23d249d999605,ts-jest,^29.0.3,29.1.5,normal
tact-lang/tact-template,2024-W25,6499879bf995b8a176a5c7a557f23d249d999605,ts-node,^10.9.1,10.9.2,normal
tact-lang/tact-template,2024-W25,6499879bf995b8a176a5c7a557f23d249d999605,typescript,^4.9.4,4.9.5,normal
tact-lang/tact-template,2024-W33,109fc82f669e80d33820aa595057d5dad8ca4256,@tact-lang/compiler,~1.4.4,~1.4.4,normal
tact-lang/tact-template,2024-W33,109fc82f669e80d33820aa595057d5dad8ca4256,@tact-lang/coverage,^0.0.8,0.0.8,normal
tact-lang/tact-template,2024-W33,109fc82f669e80d33820aa595057d5dad8ca4256,@tact-lang/deployer,^0.2.0,0.2.0,normal
tact-lang/tact-template,2024-W33,109fc82f669e80d33820aa595057d5dad8ca4256,@tact-lang/emulator,^4.2.3,4.3.0,normal
tact-lang/tact-template,2024-W33,109fc82f669e80d33820aa595057d5dad8ca4256,@tact-lang/ton-abi,^0.0.3,0.0.3,normal
tact-lang/tact-template,2024-W33,109fc82f669e80d33820aa595057d5dad8ca4256,@tact-lang/ton-jest,^0.0.4,0.0.4,normal
tact-lang/tact-template,2024-W33,109fc82f669e80d33820aa595057d5dad8ca4256,@ton/core,~0.56.3,0.56.3,normal
tact-lang/tact-template,2024-W33,109fc82f669e80d33820aa595057d5dad8ca4256,@ton/crypto,^3.2.0,3.3.0,normal
tact-lang/tact-template,2024-W33,109fc82f669e80d33820aa595057d5dad8ca4256,@ton/ton,^13.9.0,13.11.2,normal
tact-lang/tact-template,2024-W33,109fc82f669e80d33820aa595057d5dad8ca4256,@types/jest,^29.2.4,29.5.12,normal
tact-lang/tact-template,2024-W33,109fc82f669e80d33820aa595057d5dad8ca4256,@types/node,^18.11.14,18.19.44,normal
tact-lang/tact-template,2024-W33,109fc82f669e80d33820aa595057d5dad8ca4256,@types/qs,^6.9.7,6.9.15,normal
tact-lang/tact-template,2024-W33,109fc82f669e80d33820aa595057d5dad8ca4256,base64url,^3.0.1,3.0.1,normal
tact-lang/tact-template,2024-W33,109fc82f669e80d33820aa595057d5dad8ca4256,enquirer,^2.3.6,2.4.1,normal
tact-lang/tact-template,2024-W33,109fc82f669e80d33820aa595057d5dad8ca4256,jest,^29.3.1,29.7.0,normal
tact-lang/tact-template,2024-W33,109fc82f669e80d33820aa595057d5dad8ca4256,open,^8.4.0,8.4.2,normal
tact-lang/tact-template,2024-W33,109fc82f669e80d33820aa595057d5dad8ca4256,prando,^6.0.1,6.0.1,normal
tact-lang/tact-template,2024-W33,109fc82f669e80d33820aa595057d5dad8ca4256,prettier,^2.5.1,2.8.8,normal
tact-lang/tact-template,2024-W33,109fc82f669e80d33820aa595057d5dad8ca4256,qs,^6.11.0,6.13.0,normal
tact-lang/tact-template,2024-W33,109fc82f669e80d33820aa595057d5dad8ca4256,ts-jest,^29.0.3,29.2.4,normal
tact-lang/tact-template,2024-W33,109fc82f669e80d33820aa595057d5dad8ca4256,ts-node,^10.9.1,10.9.2,normal
tact-lang/tact-template,2024-W33,109fc82f669e80d33820aa595057d5dad8ca4256,typescript,^4.9.4,4.9.5,normal
tact-lang/tact-template,2024-W34,d2c190dfccf45aa8e35c51bffcc2231f65a1be7e,@tact-lang/compiler,~1.4.4,1.4.4,normal
tact-lang/tact-template,2024-W34,d2c190dfccf45aa8e35c51bffcc2231f65a1be7e,@tact-lang/coverage,^0.0.8,0.0.8,normal
tact-lang/tact-template,2024-W34,d2c190dfccf45aa8e35c51bffcc2231f65a1be7e,@tact-lang/deployer,^0.2.0,0.2.0,normal
tact-lang/tact-template,2024-W34,d2c190dfccf45aa8e35c51bffcc2231f65a1be7e,@tact-lang/ton-abi,^0.0.3,0.0.3,normal
tact-lang/tact-template,2024-W34,d2c190dfccf45aa8e35c51bffcc2231f65a1be7e,@tact-lang/ton-jest,^0.0.4,0.0.4,normal
tact-lang/tact-template,2024-W34,d2c190dfccf45aa8e35c51bffcc2231f65a1be7e,@ton/core,~0.56.3,0.56.3,normal
tact-lang/tact-template,2024-W34,d2c190dfccf45aa8e35c51bffcc2231f65a1be7e,@ton/crypto,^3.2.0,3.3.0,normal
tact-lang/tact-template,2024-W34,d2c190dfccf45aa8e35c51bffcc2231f65a1be7e,@ton/sandbox,^0.20.0,0.20.0,normal
tact-lang/tact-template,2024-W34,d2c190dfccf45aa8e35c51bffcc2231f65a1be7e,@ton/test-utils,^0.4.2,0.4.2,normal
tact-lang/tact-template,2024-W34,d2c190dfccf45aa8e35c51bffcc2231f65a1be7e,@ton/ton,^13.9.0,13.11.2,normal
tact-lang/tact-template,2024-W34,d2c190dfccf45aa8e35c51bffcc2231f65a1be7e,@types/jest,^29.2.4,29.5.12,normal
tact-lang/tact-template,2024-W34,d2c190dfccf45aa8e35c51bffcc2231f65a1be7e,@types/node,^18.11.14,18.19.45,normal
tact-lang/tact-template,2024-W34,d2c190dfccf45aa8e35c51bffcc2231f65a1be7e,@types/qs,^6.9.7,6.9.15,normal
tact-lang/tact-template,2024-W34,d2c190dfccf45aa8e35c51bffcc2231f65a1be7e,base64url,^3.0.1,3.0.1,normal
tact-lang/tact-template,2024-W34,d2c190dfccf45aa8e35c51bffcc2231f65a1be7e,enquirer,^2.3.6,2.4.1,normal
tact-lang/tact-template,2024-W34,d2c190dfccf45aa8e35c51bffcc2231f65a1be7e,jest,^29.3.1,29.7.0,normal
tact-lang/tact-template,2024-W34,d2c190dfccf45aa8e35c51bffcc2231f65a1be7e,open,^8.4.0,8.4.2,normal
tact-lang/tact-template,2024-W34,d2c190dfccf45aa8e35c51bffcc2231f65a1be7e,prando,^6.0.1,6.0.1,normal
tact-lang/tact-template,2024-W34,d2c190dfccf45aa8e35c51bffcc2231f65a1be7e,prettier,^2.5.1,2.8.8,normal
tact-lang/tact-template,2024-W34,d2c190dfccf45aa8e35c51bffcc2231f65a1be7e,qs,^6.11.0,6.13.0,normal
tact-lang/tact-template,2024-W34,d2c190dfccf45aa8e35c51bffcc2231f65a1be7e,ts-jest,^29.0.3,29.2.5,normal
tact-lang/tact-template,2024-W34,d2c190dfccf45aa8e35c51bffcc2231f65a1be7e,ts-node,^10.9.1,10.9.2,normal
tact-lang/tact-template,2024-W34,d2c190dfccf45aa8e35c51bffcc2231f65a1be7e,typescript,^4.9.4,4.9.5,normal
tact-lang/tact-template,2024-W37,0e924b9c0c903cc4316610a7a92423415fd2478b,@tact-lang/compiler,~1.5.0,~1.5.0,normal
tact-lang/tact-template,2024-W37,0e924b9c0c903cc4316610a7a92423415fd2478b,@tact-lang/deployer,^0.2.0,0.2.0,normal
tact-lang/tact-template,2024-W37,0e924b9c0c903cc4316610a7a92423415fd2478b,@tact-lang/ton-abi,^0.0.3,0.0.3,normal
tact-lang/tact-template,2024-W37,0e924b9c0c903cc4316610a7a92423415fd2478b,@tact-lang/ton-jest,^0.0.4,0.0.4,normal
tact-lang/tact-template,2024-W37,0e924b9c0c903cc4316610a7a92423415fd2478b,@ton/core,~0.56.3,0.56.3,normal
tact-lang/tact-template,2024-W37,0e924b9c0c903cc4316610a7a92423415fd2478b,@ton/crypto,^3.2.0,3.3.0,normal
tact-lang/tact-template,2024-W37,0e924b9c0c903cc4316610a7a92423415fd2478b,@ton/sandbox,^0.20.0,0.20.0,normal
tact-lang/tact-template,2024-W37,0e924b9c0c903cc4316610a7a92423415fd2478b,@ton/test-utils,^0.4.2,0.4.2,normal
tact-lang/tact-template,2024-W37,0e924b9c0c903cc4316610a7a92423415fd2478b,@ton/ton,^13.9.0,13.11.2,normal
tact-lang/tact-template,2024-W37,0e924b9c0c903cc4316610a7a92423415fd2478b,@types/jest,^29.2.4,29.5.13,normal
tact-lang/tact-template,2024-W37,0e924b9c0c903cc4316610a7a92423415fd2478b,@types/node,^18.11.14,18.19.50,normal
tact-lang/tact-template,2024-W37,0e924b9c0c903cc4316610a7a92423415fd2478b,@types/qs,^6.9.7,6.9.16,normal
tact-lang/tact-template,2024-W37,0e924b9c0c903cc4316610a7a92423415fd2478b,base64url,^3.0.1,3.0.1,normal
tact-lang/tact-template,2024-W37,0e924b9c0c903cc4316610a7a92423415fd2478b,enquirer,^2.3.6,2.4.1,normal
tact-lang/tact-template,2024-W37,0e924b9c0c903cc4316610a7a92423415fd2478b,jest,^29.3.1,29.7.0,normal
tact-lang/tact-template,2024-W37,0e924b9c0c903cc4316610a7a92423415fd2478b,open,^8.4.0,8.4.2,normal
tact-lang/tact-template,2024-W37,0e924b9c0c903cc4316610a7a92423415fd2478b,prando,^6.0.1,6.0.1,normal
tact-lang/tact-template,2024-W37,0e924b9c0c903cc4316610a7a92423415fd2478b,prettier,^2.5.1,2.8.8,normal
tact-lang/tact-template,2024-W37,0e924b9c0c903cc4316610a7a92423415fd2478b,qs,^6.11.0,6.13.0,normal
tact-lang/tact-template,2024-W37,0e924b9c0c903cc4316610a7a92423415fd2478b,ts-jest,^29.0.3,29.2.5,normal
tact-lang/tact-template,2024-W37,0e924b9c0c903cc4316610a7a92423415fd2478b,ts-node,^10.9.1,10.9.2,normal
tact-lang/tact-template,2024-W37,0e924b9c0c903cc4316610a7a92423415fd2478b,typescript,^4.9.4,4.9.5,normal
tact-lang/tact-template,2024-W41,9188487e55b10045c071a7821049b40e93275bdd,@nowarp/misti,~0.4.2,0.4.2,normal
tact-lang/tact-template,2024-W41,9188487e55b10045c071a7821049b40e93275bdd,@tact-lang/compiler,~1.5.0,1.5.2,normal
tact-lang/tact-template,2024-W41,9188487e55b10045c071a7821049b40e93275bdd,@tact-lang/deployer,^0.2.0,0.2.0,normal
tact-lang/tact-template,2024-W41,9188487e55b10045c071a7821049b40e93275bdd,@tact-lang/ton-abi,^0.0.3,0.0.3,normal
tact-lang/tact-template,2024-W41,9188487e55b10045c071a7821049b40e93275bdd,@tact-lang/ton-jest,^0.0.4,0.0.4,normal
tact-lang/tact-template,2024-W41,9188487e55b10045c071a7821049b40e93275bdd,@ton/core,~0.56.3,0.56.3,normal
tact-lang/tact-template,2024-W41,9188487e55b10045c071a7821049b40e93275bdd,@ton/crypto,^3.2.0,3.3.0,normal
tact-lang/tact-template,2024-W41,9188487e55b10045c071a7821049b40e93275bdd,@ton/sandbox,^0.20.0,0.20.0,normal
tact-lang/tact-template,2024-W41,9188487e55b10045c071a7821049b40e93275bdd,@ton/test-utils,^0.4.2,0.4.2,normal
tact-lang/tact-template,2024-W41,9188487e55b10045c071a7821049b40e93275bdd,@ton/ton,^13.9.0,13.11.2,normal
tact-lang/tact-template,2024-W41,9188487e55b10045c071a7821049b40e93275bdd,@types/jest,^29.2.4,29.5.13,normal
tact-lang/tact-template,2024-W41,9188487e55b10045c071a7821049b40e93275bdd,@types/node,^18.11.14,18.19.55,normal
tact-lang/tact-template,2024-W41,9188487e55b10045c071a7821049b40e93275bdd,@types/qs,^6.9.7,6.9.16,normal
tact-lang/tact-template,2024-W41,9188487e55b10045c071a7821049b40e93275bdd,base64url,^3.0.1,3.0.1,normal
tact-lang/tact-template,2024-W41,9188487e55b10045c071a7821049b40e93275bdd,enquirer,^2.3.6,2.4.1,normal
tact-lang/tact-template,2024-W41,9188487e55b10045c071a7821049b40e93275bdd,jest,^29.3.1,29.7.0,normal
tact-lang/tact-template,2024-W41,9188487e55b10045c071a7821049b40e93275bdd,open,^8.4.0,8.4.2,normal
tact-lang/tact-template,2024-W41,9188487e55b10045c071a7821049b40e93275bdd,prando,^6.0.1,6.0.1,normal
tact-lang/tact-template,2024-W41,9188487e55b10045c071a7821049b40e93275bdd,prettier,^2.5.1,2.8.8,normal
tact-lang/tact-template,2024-W41,9188487e55b10045c071a7821049b40e93275bdd,qs,^6.11.0,6.13.0,normal
tact-lang/tact-template,2024-W41,9188487e55b10045c071a7821049b40e93275bdd,ts-jest,^29.0.3,29.2.5,normal
tact-lang/tact-template,2024-W41,9188487e55b10045c071a7821049b40e93275bdd,ts-node,^10.9.1,10.9.2,normal
tact-lang/tact-template,2024-W41,9188487e55b10045c071a7821049b40e93275bdd,typescript,^4.9.4,4.9.5,normal
tact-lang/tact-template,2024-W44,242db98be3c12cec2152d19960b45b869cbe6d06,@nowarp/misti,~0.5.0,0.5.0,normal
tact-lang/tact-template,2024-W44,242db98be3c12cec2152d19960b45b869cbe6d06,@tact-lang/compiler,~1.5.0,1.5.2,normal
tact-lang/tact-template,2024-W44,242db98be3c12cec2152d19960b45b869cbe6d06,@tact-lang/deployer,^0.2.0,0.2.0,normal
tact-lang/tact-template,2024-W44,242db98be3c12cec2152d19960b45b869cbe6d06,@tact-lang/ton-abi,^0.0.3,0.0.3,normal
tact-lang/tact-template,2024-W44,242db98be3c12cec2152d19960b45b869cbe6d06,@tact-lang/ton-jest,^0.0.4,0.0.4,normal
tact-lang/tact-template,2024-W44,242db98be3c12cec2152d19960b45b869cbe6d06,@ton/core,~0.56.3,0.56.3,normal
tact-lang/tact-template,2024-W44,242db98be3c12cec2152d19960b45b869cbe6d06,@ton/crypto,^3.2.0,3.3.0,normal
tact-lang/tact-template,2024-W44,242db98be3c12cec2152d19960b45b869cbe6d06,@ton/sandbox,^0.20.0,0.20.0,normal
tact-lang/tact-template,2024-W44,242db98be3c12cec2152d19960b45b869cbe6d06,@ton/test-utils,^0.4.2,0.4.2,normal
tact-lang/tact-template,2024-W44,242db98be3c12cec2152d19960b45b869cbe6d06,@ton/ton,^13.9.0,13.11.2,normal
tact-lang/tact-template,2024-W44,242db98be3c12cec2152d19960b45b869cbe6d06,@types/jest,^29.2.4,29.5.14,normal
tact-lang/tact-template,2024-W44,242db98be3c12cec2152d19960b45b869cbe6d06,@types/node,^18.11.14,18.19.63,normal
tact-lang/tact-template,2024-W44,242db98be3c12cec2152d19960b45b869cbe6d06,@types/qs,^6.9.7,6.9.16,normal
tact-lang/tact-template,2024-W44,242db98be3c12cec2152d19960b45b869cbe6d06,base64url,^3.0.1,3.0.1,normal
tact-lang/tact-template,2024-W44,242db98be3c12cec2152d19960b45b869cbe6d06,enquirer,^2.3.6,2.4.1,normal
tact-lang/tact-template,2024-W44,242db98be3c12cec2152d19960b45b869cbe6d06,jest,^29.3.1,29.7.0,normal
tact-lang/tact-template,2024-W44,242db98be3c12cec2152d19960b45b869cbe6d06,open,^8.4.0,8.4.2,normal
tact-lang/tact-template,2024-W44,242db98be3c12cec2152d19960b45b869cbe6d06,prando,^6.0.1,6.0.1,normal
tact-lang/tact-template,2024-W44,242db98be3c12cec2152d19960b45b869cbe6d06,prettier,^2.5.1,2.8.8,normal
tact-lang/tact-template,2024-W44,242db98be3c12cec2152d19960b45b869cbe6d06,qs,^6.11.0,6.13.0,normal
tact-lang/tact-template,2024-W44,242db98be3c12cec2152d19960b45b869cbe6d06,ts-jest,^29.0.3,29.2.5,normal
tact-lang/tact-template,2024-W44,242db98be3c12cec2152d19960b45b869cbe6d06,ts-node,^10.9.1,10.9.2,normal
tact-lang/tact-template,2024-W44,242db98be3c12cec2152d19960b45b869cbe6d06,typescript,^4.9.4,4.9.5,normal
tact-lang/tact-template,2024-W51,43bc4e48c7b0033264370fc455958b06ec1afdc5,@nowarp/misti,~0.5.0,0.5.0,normal
tact-lang/tact-template,2024-W51,43bc4e48c7b0033264370fc455958b06ec1afdc5,@tact-lang/compiler,~1.5.3,1.5.3,normal
tact-lang/tact-template,2024-W51,43bc4e48c7b0033264370fc455958b06ec1afdc5,@tact-lang/deployer,^0.2.0,0.2.0,normal
tact-lang/tact-template,2024-W51,43bc4e48c7b0033264370fc455958b06ec1afdc5,@tact-lang/ton-abi,^0.0.3,0.0.3,normal
tact-lang/tact-template,2024-W51,43bc4e48c7b0033264370fc455958b06ec1afdc5,@tact-lang/ton-jest,^0.0.4,0.0.4,normal
tact-lang/tact-template,2024-W51,43bc4e48c7b0033264370fc455958b06ec1afdc5,@ton/core,~0.56.3,0.56.3,normal
tact-lang/tact-template,2024-W51,43bc4e48c7b0033264370fc455958b06ec1afdc5,@ton/crypto,^3.2.0,3.3.0,normal
tact-lang/tact-template,2024-W51,43bc4e48c7b0033264370fc455958b06ec1afdc5,@ton/sandbox,^0.20.0,0.20.0,normal
tact-lang/tact-template,2024-W51,43bc4e48c7b0033264370fc455958b06ec1afdc5,@ton/test-utils,^0.4.2,0.4.2,normal
tact-lang/tact-template,2024-W51,43bc4e48c7b0033264370fc455958b06ec1afdc5,@ton/ton,^13.9.0,13.11.2,normal
tact-lang/tact-template,2024-W51,43bc4e48c7b0033264370fc455958b06ec1afdc5,@types/jest,^29.2.4,29.5.14,normal
tact-lang/tact-template,2024-W51,43bc4e48c7b0033264370fc455958b06ec1afdc5,@types/node,^18.11.14,18.19.68,normal
tact-lang/tact-template,2024-W51,43bc4e48c7b0033264370fc455958b06ec1afdc5,@types/qs,^6.9.7,6.9.17,normal
tact-lang/tact-template,2024-W51,43bc4e48c7b0033264370fc455958b06ec1afdc5,base64url,^3.0.1,3.0.1,normal
tact-lang/tact-template,2024-W51,43bc4e48c7b0033264370fc455958b06ec1afdc5,enquirer,^2.3.6,2.4.1,normal
tact-lang/tact-template,2024-W51,43bc4e48c7b0033264370fc455958b06ec1afdc5,jest,^29.3.1,29.7.0,normal
tact-lang/tact-template,2024-W51,43bc4e48c7b0033264370fc455958b06ec1afdc5,open,^8.4.0,8.4.2,normal
tact-lang/tact-template,2024-W51,43bc4e48c7b0033264370fc455958b06ec1afdc5,prando,^6.0.1,6.0.1,normal
tact-lang/tact-template,2024-W51,43bc4e48c7b0033264370fc455958b06ec1afdc5,prettier,^2.5.1,2.8.8,normal
tact-lang/tact-template,2024-W51,43bc4e48c7b0033264370fc455958b06ec1afdc5,qs,^6.11.0,6.13.1,normal
tact-lang/tact-template,2024-W51,43bc4e48c7b0033264370fc455958b06ec1afdc5,ts-jest,^29.0.3,29.2.5,normal
tact-lang/tact-template,2024-W51,43bc4e48c7b0033264370fc455958b06ec1afdc5,ts-node,^10.9.1,10.9.2,normal
tact-lang/tact-template,2024-W51,43bc4e48c7b0033264370fc455958b06ec1afdc5,typescript,^4.9.4,4.9.5,normal
tact-lang/tact-template,2025-W02,7527edffd9a13984eac06a76f6d5fc9eee6719f3,@nowarp/misti,~0.5.0,0.5.0,normal
tact-lang/tact-template,2025-W02,7527edffd9a13984eac06a76f6d5fc9eee6719f3,@tact-lang/compiler,~1.5.3,1.5.3,normal
tact-lang/tact-template,2025-W02,7527edffd9a13984eac06a76f6d5fc9eee6719f3,@tact-lang/deployer,^0.2.0,0.2.0,normal
tact-lang/tact-template,2025-W02,7527edffd9a13984eac06a76f6d5fc9eee6719f3,@tact-lang/ton-abi,^0.0.3,0.0.3,normal
tact-lang/tact-template,2025-W02,7527edffd9a13984eac06a76f6d5fc9eee6719f3,@tact-lang/ton-jest,^0.0.4,0.0.4,normal
tact-lang/tact-template,2025-W02,7527edffd9a13984eac06a76f6d5fc9eee6719f3,@ton/core,~0.56.3,0.56.3,normal
tact-lang/tact-template,2025-W02,7527edffd9a13984eac06a76f6d5fc9eee6719f3,@ton/crypto,^3.2.0,3.3.0,normal
tact-lang/tact-template,2025-W02,7527edffd9a13984eac06a76f6d5fc9eee6719f3,@ton/sandbox,^0.20.0,0.20.0,normal
tact-lang/tact-template,2025-W02,7527edffd9a13984eac06a76f6d5fc9eee6719f3,@ton/test-utils,^0.4.2,0.4.2,normal
tact-lang/tact-template,2025-W02,7527edffd9a13984eac06a76f6d5fc9eee6719f3,@ton/ton,^13.9.0,13.11.2,normal
tact-lang/tact-template,2025-W02,7527edffd9a13984eac06a76f6d5fc9eee6719f3,@types/jest,^29.2.4,29.5.14,normal
tact-lang/tact-template,2025-W02,7527edffd9a13984eac06a76f6d5fc9eee6719f3,@types/node,^18.11.14,18.19.70,normal
tact-lang/tact-template,2025-W02,7527edffd9a13984eac06a76f6d5fc9eee6719f3,@types/qs,^6.9.7,6.9.17,normal
tact-lang/tact-template,2025-W02,7527edffd9a13984eac06a76f6d5fc9eee6719f3,base64url,^3.0.1,3.0.1,normal
tact-lang/tact-template,2025-W02,7527edffd9a13984eac06a76f6d5fc9eee6719f3,enquirer,^2.3.6,2.4.1,normal
tact-lang/tact-template,2025-W02,7527edffd9a13984eac06a76f6d5fc9eee6719f3,jest,^29.3.1,29.7.0,normal
tact-lang/tact-template,2025-W02,7527edffd9a13984eac06a76f6d5fc9eee6719f3,open,^8.4.0,8.4.2,normal
tact-lang/tact-template,2025-W02,7527edffd9a13984eac06a76f6d5fc9eee6719f3,prando,^6.0.1,6.0.1,normal
tact-lang/tact-template,2025-W02,7527edffd9a13984eac06a76f6d5fc9eee6719f3,prettier,^2.5.1,2.8.8,normal
tact-lang/tact-template,2025-W02,7527edffd9a13984eac06a76f6d5fc9eee6719f3,qs,^6.11.0,6.13.1,normal
tact-lang/tact-template,2025-W02,7527edffd9a13984eac06a76f6d5fc9eee6719f3,ts-jest,^29.0.3,29.2.5,normal
tact-lang/tact-template,2025-W02,7527edffd9a13984eac06a76f6d5fc9eee6719f3,ts-node,^10.9.1,10.9.2,normal
tact-lang/tact-template,2025-W02,7527edffd9a13984eac06a76f6d5fc9eee6719f3,typescript,^4.9.4,4.9.5,normal
tact-lang/tact-template,2025-W05,0d0b39c9e4b7c2afd65a5a000d76e056e8c74312,@nowarp/misti,~0.5.0,0.5.0,normal
tact-lang/tact-template,2025-W05,0d0b39c9e4b7c2afd65a5a000d76e056e8c74312,@tact-lang/compiler,~1.5.3,1.5.3,normal
tact-lang/tact-template,2025-W05,0d0b39c9e4b7c2afd65a5a000d76e056e8c74312,@tact-lang/deployer,^0.2.0,0.2.0,normal
tact-lang/tact-template,2025-W05,0d0b39c9e4b7c2afd65a5a000d76e056e8c74312,@tact-lang/ton-abi,^0.0.3,0.0.3,normal
tact-lang/tact-template,2025-W05,0d0b39c9e4b7c2afd65a5a000d76e056e8c74312,@tact-lang/ton-jest,^0.0.4,0.0.4,normal
tact-lang/tact-template,2025-W05,0d0b39c9e4b7c2afd65a5a000d76e056e8c74312,@ton/core,~0.56.3,0.56.3,normal
tact-lang/tact-template,2025-W05,0d0b39c9e4b7c2afd65a5a000d76e056e8c74312,@ton/crypto,^3.2.0,3.3.0,normal
tact-lang/tact-template,2025-W05,0d0b39c9e4b7c2afd65a5a000d76e056e8c74312,@ton/sandbox,^0.20.0,0.20.0,normal
tact-lang/tact-template,2025-W05,0d0b39c9e4b7c2afd65a5a000d76e056e8c74312,@ton/test-utils,^0.4.2,0.4.2,normal
tact-lang/tact-template,2025-W05,0d0b39c9e4b7c2afd65a5a000d76e056e8c74312,@ton/ton,^13.9.0,13.11.2,normal
tact-lang/tact-template,2025-W05,0d0b39c9e4b7c2afd65a5a000d76e056e8c74312,@types/jest,^29.2.4,29.5.14,normal
tact-lang/tact-template,2025-W05,0d0b39c9e4b7c2afd65a5a000d76e056e8c74312,@types/node,^18.11.14,18.19.74,normal
tact-lang/tact-template,2025-W05,0d0b39c9e4b7c2afd65a5a000d76e056e8c74312,@types/qs,^6.9.7,6.9.18,normal
tact-lang/tact-template,2025-W05,0d0b39c9e4b7c2afd65a5a000d76e056e8c74312,base64url,^3.0.1,3.0.1,normal
tact-lang/tact-template,2025-W05,0d0b39c9e4b7c2afd65a5a000d76e056e8c74312,enquirer,^2.3.6,2.4.1,normal
tact-lang/tact-template,2025-W05,0d0b39c9e4b7c2afd65a5a000d76e056e8c74312,jest,^29.3.1,29.7.0,normal
tact-lang/tact-template,2025-W05,0d0b39c9e4b7c2afd65a5a000d76e056e8c74312,open,^8.4.0,8.4.2,normal
tact-lang/tact-template,2025-W05,0d0b39c9e4b7c2afd65a5a000d76e056e8c74312,prando,^6.0.1,6.0.1,normal
tact-lang/tact-template,2025-W05,0d0b39c9e4b7c2afd65a5a000d76e056e8c74312,prettier,^2.5.1,2.8.8,normal
tact-lang/tact-template,2025-W05,0d0b39c9e4b7c2afd65a5a000d76e056e8c74312,qs,^6.11.0,6.14.0,normal
tact-lang/tact-template,2025-W05,0d0b39c9e4b7c2afd65a5a000d76e056e8c74312,ts-jest,^29.0.3,29.2.5,normal
tact-lang/tact-template,2025-W05,0d0b39c9e4b7c2afd65a5a000d76e056e8c74312,ts-node,^10.9.1,10.9.2,normal
tact-lang/tact-template,2025-W05,0d0b39c9e4b7c2afd65a5a000d76e056e8c74312,typescript,^4.9.4,4.9.5,normal
tact-lang/tact-template,2025-W05,0d0b39c9e4b7c2afd65a5a000d76e056e8c74312,eslint,^9.19.0,9.19.0,dev
tact-lang/tact-template,2025-W05,0d0b39c9e4b7c2afd65a5a000d76e056e8c74312,typescript-eslint,^8.22.0,8.22.1-alpha.7,dev
tact-lang/tact-template,2025-W05,0d0b39c9e4b7c2afd65a5a000d76e056e8c74312,globals,^13.24.0,13.24.0,dev
tact-lang/tact-template,2025-W06,8f05200faaa38e1de6fe25eb7f9d734d2e93f357,@nowarp/misti,~0.5.0,0.5.0,normal
tact-lang/tact-template,2025-W06,8f05200faaa38e1de6fe25eb7f9d734d2e93f357,@tact-lang/compiler,~1.5.4,1.5.4,normal
tact-lang/tact-template,2025-W06,8f05200faaa38e1de6fe25eb7f9d734d2e93f357,@tact-lang/deployer,^0.2.0,0.2.0,normal
tact-lang/tact-template,2025-W06,8f05200faaa38e1de6fe25eb7f9d734d2e93f357,@tact-lang/ton-abi,^0.0.3,0.0.3,normal
tact-lang/tact-template,2025-W06,8f05200faaa38e1de6fe25eb7f9d734d2e93f357,@tact-lang/ton-jest,^0.0.4,0.0.4,normal
tact-lang/tact-template,2025-W06,8f05200faaa38e1de6fe25eb7f9d734d2e93f357,@ton/core,~0.56.3,0.56.3,normal
tact-lang/tact-template,2025-W06,8f05200faaa38e1de6fe25eb7f9d734d2e93f357,@ton/crypto,^3.2.0,3.3.0,normal
tact-lang/tact-template,2025-W06,8f05200faaa38e1de6fe25eb7f9d734d2e93f357,@ton/sandbox,^0.20.0,0.20.0,normal
tact-lang/tact-template,2025-W06,8f05200faaa38e1de6fe25eb7f9d734d2e93f357,@ton/test-utils,^0.4.2,0.4.2,normal
tact-lang/tact-template,2025-W06,8f05200faaa38e1de6fe25eb7f9d734d2e93f357,@ton/ton,^13.9.0,13.11.2,normal
tact-lang/tact-template,2025-W06,8f05200faaa38e1de6fe25eb7f9d734d2e93f357,@types/jest,^29.2.4,29.5.14,normal
tact-lang/tact-template,2025-W06,8f05200faaa38e1de6fe25eb7f9d734d2e93f357,@types/node,^18.11.14,18.19.75,normal
tact-lang/tact-template,2025-W06,8f05200faaa38e1de6fe25eb7f9d734d2e93f357,@types/qs,^6.9.7,6.9.18,normal
tact-lang/tact-template,2025-W06,8f05200faaa38e1de6fe25eb7f9d734d2e93f357,base64url,^3.0.1,3.0.1,normal
tact-lang/tact-template,2025-W06,8f05200faaa38e1de6fe25eb7f9d734d2e93f357,enquirer,^2.3.6,2.4.1,normal
tact-lang/tact-template,2025-W06,8f05200faaa38e1de6fe25eb7f9d734d2e93f357,jest,^29.3.1,29.7.0,normal
tact-lang/tact-template,2025-W06,8f05200faaa38e1de6fe25eb7f9d734d2e93f357,open,^8.4.0,8.4.2,normal
tact-lang/tact-template,2025-W06,8f05200faaa38e1de6fe25eb7f9d734d2e93f357,prando,^6.0.1,6.0.1,normal
tact-lang/tact-template,2025-W06,8f05200faaa38e1de6fe25eb7f9d734d2e93f357,prettier,^2.5.1,2.8.8,normal
tact-lang/tact-template,2025-W06,8f05200faaa38e1de6fe25eb7f9d734d2e93f357,qs,^6.11.0,6.14.0,normal
tact-lang/tact-template,2025-W06,8f05200faaa38e1de6fe25eb7f9d734d2e93f357,ts-jest,^29.0.3,29.2.5,normal
tact-lang/tact-template,2025-W06,8f05200faaa38e1de6fe25eb7f9d734d2e93f357,ts-node,^10.9.1,10.9.2,normal
tact-lang/tact-template,2025-W06,8f05200faaa38e1de6fe25eb7f9d734d2e93f357,typescript,^4.9.4,4.9.5,normal
tact-lang/tact-template,2025-W06,8f05200faaa38e1de6fe25eb7f9d734d2e93f357,eslint,^9.19.0,9.20.0,dev
tact-lang/tact-template,2025-W06,8f05200faaa38e1de6fe25eb7f9d734d2e93f357,typescript-eslint,^8.22.0,8.23.1-alpha.6,dev
tact-lang/tact-template,2025-W06,8f05200faaa38e1de6fe25eb7f9d734d2e93f357,globals,^13.24.0,13.24.0,dev
tact-lang/tact-template,2025-W08,1ee95142caebb24422d42a87d9f2ae25519e636d,@nowarp/misti,~0.5.0,0.5.0,normal
tact-lang/tact-template,2025-W08,1ee95142caebb24422d42a87d9f2ae25519e636d,@tact-lang/compiler,^1.6.0,^1.6.0,normal
tact-lang/tact-template,2025-W08,1ee95142caebb24422d42a87d9f2ae25519e636d,@tact-lang/deployer,^0.2.0,0.2.0,normal
tact-lang/tact-template,2025-W08,1ee95142caebb24422d42a87d9f2ae25519e636d,@tact-lang/ton-abi,^0.0.3,0.0.3,normal
tact-lang/tact-template,2025-W08,1ee95142caebb24422d42a87d9f2ae25519e636d,@tact-lang/ton-jest,^0.0.4,0.0.4,normal
tact-lang/tact-template,2025-W08,1ee95142caebb24422d42a87d9f2ae25519e636d,@ton/core,~0.56.3,0.56.3,normal
tact-lang/tact-template,2025-W08,1ee95142caebb24422d42a87d9f2ae25519e636d,@ton/crypto,^3.2.0,3.3.0,normal
tact-lang/tact-template,2025-W08,1ee95142caebb24422d42a87d9f2ae25519e636d,@ton/sandbox,^0.20.0,0.20.0,normal
tact-lang/tact-template,2025-W08,1ee95142caebb24422d42a87d9f2ae25519e636d,@ton/test-utils,^0.4.2,0.4.2,normal
tact-lang/tact-template,2025-W08,1ee95142caebb24422d42a87d9f2ae25519e636d,@ton/ton,^13.9.0,13.11.2,normal
tact-lang/tact-template,2025-W08,1ee95142caebb24422d42a87d9f2ae25519e636d,@types/jest,^29.2.4,29.5.14,normal
tact-lang/tact-template,2025-W08,1ee95142caebb24422d42a87d9f2ae25519e636d,@types/node,^18.11.14,18.19.76,normal
tact-lang/tact-template,2025-W08,1ee95142caebb24422d42a87d9f2ae25519e636d,@types/qs,^6.9.7,6.9.18,normal
tact-lang/tact-template,2025-W08,1ee95142caebb24422d42a87d9f2ae25519e636d,base64url,^3.0.1,3.0.1,normal
tact-lang/tact-template,2025-W08,1ee95142caebb24422d42a87d9f2ae25519e636d,enquirer,^2.3.6,2.4.1,normal
tact-lang/tact-template,2025-W08,1ee95142caebb24422d42a87d9f2ae25519e636d,jest,^29.3.1,29.7.0,normal
tact-lang/tact-template,2025-W08,1ee95142caebb24422d42a87d9f2ae25519e636d,open,^8.4.0,8.4.2,normal
tact-lang/tact-template,2025-W08,1ee95142caebb24422d42a87d9f2ae25519e636d,prando,^6.0.1,6.0.1,normal
tact-lang/tact-template,2025-W08,1ee95142caebb24422d42a87d9f2ae25519e636d,prettier,^2.5.1,2.8.8,normal
tact-lang/tact-template,2025-W08,1ee95142caebb24422d42a87d9f2ae25519e636d,qs,^6.11.0,6.14.0,normal
tact-lang/tact-template,2025-W08,1ee95142caebb24422d42a87d9f2ae25519e636d,ts-jest,^29.0.3,29.2.5,normal
tact-lang/tact-template,2025-W08,1ee95142caebb24422d42a87d9f2ae25519e636d,ts-node,^10.9.1,10.9.2,normal
tact-lang/tact-template,2025-W08,1ee95142caebb24422d42a87d9f2ae25519e636d,typescript,^4.9.4,4.9.5,normal
tact-lang/tact-template,2025-W08,1ee95142caebb24422d42a87d9f2ae25519e636d,eslint,^9.19.0,9.21.0,dev
tact-lang/tact-template,2025-W08,1ee95142caebb24422d42a87d9f2ae25519e636d,typescript-eslint,^8.22.0,8.24.2-alpha.3,dev
tact-lang/tact-template,2025-W08,1ee95142caebb24422d42a87d9f2ae25519e636d,globals,^13.24.0,13.24.0,dev
tact-lang/tact-template,2025-W09,98311324f7176a3ebd9bed3f01d4c345c3b9063f,@nowarp/misti,~0.7.1,~0.7.1,normal
tact-lang/tact-template,2025-W09,98311324f7176a3ebd9bed3f01d4c345c3b9063f,@tact-lang/compiler,^1.6.1,^1.6.1,normal
tact-lang/tact-template,2025-W09,98311324f7176a3ebd9bed3f01d4c345c3b9063f,@tact-lang/deployer,^0.2.0,0.2.0,normal
tact-lang/tact-template,2025-W09,98311324f7176a3ebd9bed3f01d4c345c3b9063f,@tact-lang/ton-abi,^0.0.3,0.0.3,normal
tact-lang/tact-template,2025-W09,98311324f7176a3ebd9bed3f01d4c345c3b9063f,@tact-lang/ton-jest,^0.0.4,0.0.4,normal
tact-lang/tact-template,2025-W09,98311324f7176a3ebd9bed3f01d4c345c3b9063f,@ton/core,~0.56.3,0.56.3,normal
tact-lang/tact-template,2025-W09,98311324f7176a3ebd9bed3f01d4c345c3b9063f,@ton/crypto,^3.2.0,3.3.0,normal
tact-lang/tact-template,2025-W09,98311324f7176a3ebd9bed3f01d4c345c3b9063f,@ton/sandbox,^0.20.0,0.20.0,normal
tact-lang/tact-template,2025-W09,98311324f7176a3ebd9bed3f01d4c345c3b9063f,@ton/test-utils,^0.4.2,0.4.2,normal
tact-lang/tact-template,2025-W09,98311324f7176a3ebd9bed3f01d4c345c3b9063f,@ton/ton,^13.9.0,13.11.2,normal
tact-lang/tact-template,2025-W09,98311324f7176a3ebd9bed3f01d4c345c3b9063f,@types/jest,^29.2.4,29.5.14,normal
tact-lang/tact-template,2025-W09,98311324f7176a3ebd9bed3f01d4c345c3b9063f,@types/node,^18.11.14,18.19.78,normal
tact-lang/tact-template,2025-W09,98311324f7176a3ebd9bed3f01d4c345c3b9063f,@types/qs,^6.9.7,6.9.18,normal
tact-lang/tact-template,2025-W09,98311324f7176a3ebd9bed3f01d4c345c3b9063f,base64url,^3.0.1,3.0.1,normal
tact-lang/tact-template,2025-W09,98311324f7176a3ebd9bed3f01d4c345c3b9063f,enquirer,^2.3.6,2.4.1,normal
tact-lang/tact-template,2025-W09,98311324f7176a3ebd9bed3f01d4c345c3b9063f,jest,^29.3.1,29.7.0,normal
tact-lang/tact-template,2025-W09,98311324f7176a3ebd9bed3f01d4c345c3b9063f,open,^8.4.0,8.4.2,normal
tact-lang/tact-template,2025-W09,98311324f7176a3ebd9bed3f01d4c345c3b9063f,prando,^6.0.1,6.0.1,normal
tact-lang/tact-template,2025-W09,98311324f7176a3ebd9bed3f01d4c345c3b9063f,prettier,^2.5.1,2.8.8,normal
tact-lang/tact-template,2025-W09,98311324f7176a3ebd9bed3f01d4c345c3b9063f,qs,^6.11.0,6.14.0,normal
tact-lang/tact-template,2025-W09,98311324f7176a3ebd9bed3f01d4c345c3b9063f,ts-jest,^29.0.3,29.2.6,normal
tact-lang/tact-template,2025-W09,98311324f7176a3ebd9bed3f01d4c345c3b9063f,ts-node,^10.9.1,10.9.2,normal
tact-lang/tact-template,2025-W09,98311324f7176a3ebd9bed3f01d4c345c3b9063f,typescript,^4.9.4,4.9.5,normal
tact-lang/tact-template,2025-W09,98311324f7176a3ebd9bed3f01d4c345c3b9063f,eslint,^9.19.0,9.21.0,dev
tact-lang/tact-template,2025-W09,98311324f7176a3ebd9bed3f01d4c345c3b9063f,typescript-eslint,^8.22.0,8.25.1-alpha.9,dev
tact-lang/tact-template,2025-W09,98311324f7176a3ebd9bed3f01d4c345c3b9063f,globals,^13.24.0,13.24.0,dev
tact-lang/tact-template,2025-W10,2c6f15e9099708067e4c61e462650eff7fb1a03d,@nowarp/misti,~0.7.1,0.7.1,normal
tact-lang/tact-template,2025-W10,2c6f15e9099708067e4c61e462650eff7fb1a03d,@tact-lang/compiler,^1.6.3,^1.6.3,normal
tact-lang/tact-template,2025-W10,2c6f15e9099708067e4c61e462650eff7fb1a03d,@tact-lang/deployer,^0.2.0,0.2.0,normal
tact-lang/tact-template,2025-W10,2c6f15e9099708067e4c61e462650eff7fb1a03d,@tact-lang/ton-abi,^0.0.3,0.0.3,normal
tact-lang/tact-template,2025-W10,2c6f15e9099708067e4c61e462650eff7fb1a03d,@tact-lang/ton-jest,^0.0.4,0.0.4,normal
tact-lang/tact-template,2025-W10,2c6f15e9099708067e4c61e462650eff7fb1a03d,@ton/core,^0.60.1,0.60.1,normal
tact-lang/tact-template,2025-W10,2c6f15e9099708067e4c61e462650eff7fb1a03d,@ton/crypto,^3.2.0,3.3.0,normal
tact-lang/tact-template,2025-W10,2c6f15e9099708067e4c61e462650eff7fb1a03d,@ton/sandbox,^0.27.0,0.27.1,normal
tact-lang/tact-template,2025-W10,2c6f15e9099708067e4c61e462650eff7fb1a03d,@ton/test-utils,^0.4.2,0.4.2,normal
tact-lang/tact-template,2025-W10,2c6f15e9099708067e4c61e462650eff7fb1a03d,@ton/ton,^13.9.0,13.11.2,normal
tact-lang/tact-template,2025-W10,2c6f15e9099708067e4c61e462650eff7fb1a03d,@types/jest,^29.2.4,29.5.14,normal
tact-lang/tact-template,2025-W10,2c6f15e9099708067e4c61e462650eff7fb1a03d,@types/node,^18.11.14,18.19.80,normal
tact-lang/tact-template,2025-W10,2c6f15e9099708067e4c61e462650eff7fb1a03d,@types/qs,^6.9.7,6.9.18,normal
tact-lang/tact-template,2025-W10,2c6f15e9099708067e4c61e462650eff7fb1a03d,base64url,^3.0.1,3.0.1,normal
tact-lang/tact-template,2025-W10,2c6f15e9099708067e4c61e462650eff7fb1a03d,enquirer,^2.3.6,2.4.1,normal
tact-lang/tact-template,2025-W10,2c6f15e9099708067e4c61e462650eff7fb1a03d,jest,^29.3.1,29.7.0,normal
tact-lang/tact-template,2025-W10,2c6f15e9099708067e4c61e462650eff7fb1a03d,open,^8.4.0,8.4.2,normal
tact-lang/tact-template,2025-W10,2c6f15e9099708067e4c61e462650eff7fb1a03d,prando,^6.0.1,6.0.1,normal
tact-lang/tact-template,2025-W10,2c6f15e9099708067e4c61e462650eff7fb1a03d,prettier,^2.5.1,2.8.8,normal
tact-lang/tact-template,2025-W10,2c6f15e9099708067e4c61e462650eff7fb1a03d,qs,^6.11.0,6.14.0,normal
tact-lang/tact-template,2025-W10,2c6f15e9099708067e4c61e462650eff7fb1a03d,ts-jest,^29.0.3,29.2.6,normal
tact-lang/tact-template,2025-W10,2c6f15e9099708067e4c61e462650eff7fb1a03d,ts-node,^10.9.1,10.9.2,normal
tact-lang/tact-template,2025-W10,2c6f15e9099708067e4c61e462650eff7fb1a03d,typescript,^4.9.4,4.9.5,normal
tact-lang/tact-template,2025-W10,2c6f15e9099708067e4c61e462650eff7fb1a03d,eslint,^9.19.0,9.22.0,dev
tact-lang/tact-template,2025-W10,2c6f15e9099708067e4c61e462650eff7fb1a03d,globals,^13.24.0,13.24.0,dev
tact-lang/tact-template,2025-W10,2c6f15e9099708067e4c61e462650eff7fb1a03d,typescript-eslint,^8.22.0,8.26.1-alpha.3,dev
tact-lang/tact-template,2025-W11,11e5621d96d12ea3b7c56646639d02981c7ffdc3,@nowarp/misti,~0.7.1,0.7.1,normal
tact-lang/tact-template,2025-W11,11e5621d96d12ea3b7c56646639d02981c7ffdc3,@tact-lang/compiler,^1.6.4,^1.6.4,normal
tact-lang/tact-template,2025-W11,11e5621d96d12ea3b7c56646639d02981c7ffdc3,@tact-lang/deployer,^0.2.0,0.2.0,normal
tact-lang/tact-template,2025-W11,11e5621d96d12ea3b7c56646639d02981c7ffdc3,@tact-lang/ton-abi,^0.0.3,0.0.3,normal
tact-lang/tact-template,2025-W11,11e5621d96d12ea3b7c56646639d02981c7ffdc3,@tact-lang/ton-jest,^0.0.4,0.0.4,normal
tact-lang/tact-template,2025-W11,11e5621d96d12ea3b7c56646639d02981c7ffdc3,@ton/core,^0.60.1,0.60.1,normal
tact-lang/tact-template,2025-W11,11e5621d96d12ea3b7c56646639d02981c7ffdc3,@ton/crypto,^3.2.0,3.3.0,normal
tact-lang/tact-template,2025-W11,11e5621d96d12ea3b7c56646639d02981c7ffdc3,@ton/sandbox,^0.27.0,0.27.1,normal
tact-lang/tact-template,2025-W11,11e5621d96d12ea3b7c56646639d02981c7ffdc3,@ton/test-utils,^0.4.2,0.4.2,normal
tact-lang/tact-template,2025-W11,11e5621d96d12ea3b7c56646639d02981c7ffdc3,@ton/ton,^13.9.0,13.11.2,normal
tact-lang/tact-template,2025-W11,11e5621d96d12ea3b7c56646639d02981c7ffdc3,@types/jest,^29.2.4,29.5.14,normal
tact-lang/tact-template,2025-W11,11e5621d96d12ea3b7c56646639d02981c7ffdc3,@types/node,^18.11.14,18.19.80,normal
tact-lang/tact-template,2025-W11,11e5621d96d12ea3b7c56646639d02981c7ffdc3,@types/qs,^6.9.7,6.9.18,normal
tact-lang/tact-template,2025-W11,11e5621d96d12ea3b7c56646639d02981c7ffdc3,base64url,^3.0.1,3.0.1,normal
tact-lang/tact-template,2025-W11,11e5621d96d12ea3b7c56646639d02981c7ffdc3,enquirer,^2.3.6,2.4.1,normal
tact-lang/tact-template,2025-W11,11e5621d96d12ea3b7c56646639d02981c7ffdc3,jest,^29.3.1,29.7.0,normal
tact-lang/tact-template,2025-W11,11e5621d96d12ea3b7c56646639d02981c7ffdc3,open,^8.4.0,8.4.2,normal
tact-lang/tact-template,2025-W11,11e5621d96d12ea3b7c56646639d02981c7ffdc3,prando,^6.0.1,6.0.1,normal
tact-lang/tact-template,2025-W11,11e5621d96d12ea3b7c56646639d02981c7ffdc3,prettier,^2.5.1,2.8.8,normal
tact-lang/tact-template,2025-W11,11e5621d96d12ea3b7c56646639d02981c7ffdc3,qs,^6.11.0,6.14.0,normal
tact-lang/tact-template,2025-W11,11e5621d96d12ea3b7c56646639d02981c7ffdc3,ts-jest,^29.0.3,29.2.6,normal
tact-lang/tact-template,2025-W11,11e5621d96d12ea3b7c56646639d02981c7ffdc3,ts-node,^10.9.1,10.9.2,normal
tact-lang/tact-template,2025-W11,11e5621d96d12ea3b7c56646639d02981c7ffdc3,typescript,^4.9.4,4.9.5,normal
tact-lang/tact-template,2025-W11,11e5621d96d12ea3b7c56646639d02981c7ffdc3,eslint,^9.19.0,9.22.0,dev
tact-lang/tact-template,2025-W11,11e5621d96d12ea3b7c56646639d02981c7ffdc3,globals,^13.24.0,13.24.0,dev
tact-lang/tact-template,2025-W11,11e5621d96d12ea3b7c56646639d02981c7ffdc3,typescript-eslint,^8.22.0,8.26.2-alpha.4,dev
tact-lang/tact-template,2025-W12,cebdee6e14f90507af90f84324f9850441af5f6f,@nowarp/misti,~0.7.1,0.7.1,normal
tact-lang/tact-template,2025-W12,cebdee6e14f90507af90f84324f9850441af5f6f,@tact-lang/compiler,^1.6.5,^1.6.5,normal
tact-lang/tact-template,2025-W12,cebdee6e14f90507af90f84324f9850441af5f6f,@tact-lang/deployer,^0.2.0,0.2.0,normal
tact-lang/tact-template,2025-W12,cebdee6e14f90507af90f84324f9850441af5f6f,@tact-lang/ton-abi,^0.0.3,0.0.3,normal
tact-lang/tact-template,2025-W12,cebdee6e14f90507af90f84324f9850441af5f6f,@tact-lang/ton-jest,^0.0.4,0.0.4,normal
tact-lang/tact-template,2025-W12,cebdee6e14f90507af90f84324f9850441af5f6f,@ton/core,^0.60.1,0.60.1,normal
tact-lang/tact-template,2025-W12,cebdee6e14f90507af90f84324f9850441af5f6f,@ton/crypto,^3.2.0,3.3.0,normal
tact-lang/tact-template,2025-W12,cebdee6e14f90507af90f84324f9850441af5f6f,@ton/sandbox,^0.27.0,0.27.1,normal
tact-lang/tact-template,2025-W12,cebdee6e14f90507af90f84324f9850441af5f6f,@ton/test-utils,^0.4.2,0.4.2,normal
tact-lang/tact-template,2025-W12,cebdee6e14f90507af90f84324f9850441af5f6f,@ton/ton,^13.9.0,13.11.2,normal
tact-lang/tact-template,2025-W12,cebdee6e14f90507af90f84324f9850441af5f6f,@types/jest,^29.2.4,29.5.14,normal
tact-lang/tact-template,2025-W12,cebdee6e14f90507af90f84324f9850441af5f6f,@types/node,^18.11.14,18.19.81,normal
tact-lang/tact-template,2025-W12,cebdee6e14f90507af90f84324f9850441af5f6f,@types/qs,^6.9.7,6.9.18,normal
tact-lang/tact-template,2025-W12,cebdee6e14f90507af90f84324f9850441af5f6f,base64url,^3.0.1,3.0.1,normal
tact-lang/tact-template,2025-W12,cebdee6e14f90507af90f84324f9850441af5f6f,enquirer,^2.3.6,2.4.1,normal
tact-lang/tact-template,2025-W12,cebdee6e14f90507af90f84324f9850441af5f6f,jest,^29.3.1,29.7.0,normal
tact-lang/tact-template,2025-W12,cebdee6e14f90507af90f84324f9850441af5f6f,open,^8.4.0,8.4.2,normal
tact-lang/tact-template,2025-W12,cebdee6e14f90507af90f84324f9850441af5f6f,prando,^6.0.1,6.0.1,normal
tact-lang/tact-template,2025-W12,cebdee6e14f90507af90f84324f9850441af5f6f,prettier,^2.5.1,2.8.8,normal
tact-lang/tact-template,2025-W12,cebdee6e14f90507af90f84324f9850441af5f6f,qs,^6.11.0,6.14.0,normal
tact-lang/tact-template,2025-W12,cebdee6e14f90507af90f84324f9850441af5f6f,ts-jest,^29.0.3,29.2.6,normal
tact-lang/tact-template,2025-W12,cebdee6e14f90507af90f84324f9850441af5f6f,ts-node,^10.9.1,10.9.2,normal
tact-lang/tact-template,2025-W12,cebdee6e14f90507af90f84324f9850441af5f6f,typescript,^4.9.4,4.9.5,normal
tact-lang/tact-template,2025-W12,cebdee6e14f90507af90f84324f9850441af5f6f,eslint,^9.19.0,9.23.0,dev
tact-lang/tact-template,2025-W12,cebdee6e14f90507af90f84324f9850441af5f6f,globals,^13.24.0,13.24.0,dev
tact-lang/tact-template,2025-W12,cebdee6e14f90507af90f84324f9850441af5f6f,typescript-eslint,^8.22.0,8.27.1-alpha.2,dev
